ticker,date,reddit_factor_score,forward_5d_return
AAPL,2025-01-10,1.1059933699072981,-0.015204330949282299
MSFT,2025-01-10,0.34770845245095694,-0.0073952882891504725
NVDA,2025-01-10,-0.28436383804009513,0.0023582305310637895
META,2025-01-10,0.6191711169753933,-0.0035280931612972372
JPM,2025-01-10,1.0638515327343585,-0.020037643391685234
GS,2025-01-10,0.006339062362268442,0.06499255566379396
AAPL,2025-01-24,0.2230797426252751,0.037615000606156516
MSFT,2025-01-24,0.09152017817320818,0.015251588808630584
NVDA,2025-01-24,-0.056783194392691534,-0.004714455084246643
META,2025-01-24,-0.7794823967254196,0.004521674800135475
JPM,2025-01-24,-0.8515371891857679,0.009827333394349585
GS,2025-01-24,1.08528700444591,0.017845581216498027
AAPL,2025-02-07,-0.28624873355569186,0.009059149614271867
MSFT,2025-02-07,-0.3086730555464126,0.02091929369225743
NVDA,2025-02-07,-1.8314060842151236,-0.023041432876687147
META,2025-02-07,-1.9908119951239978,-0.053303016716672105
JPM,2025-02-07,1.3638622298139094,0.033290522387803424
GS,2025-02-07,-0.7194802332847904,-0.04331842826730075
AAPL,2025-02-21,-2.964528837841651,-0.03730361840104907
MSFT,2025-02-21,2.4204150122474024,0.030235426884570406
NVDA,2025-02-21,-0.5595722860494895,0.007150426949111741
META,2025-02-21,-1.5609583529944429,-0.01992075089139643
JPM,2025-02-21,0.09947747301573849,-0.0013566965114003046
GS,2025-02-21,0.7908061216900806,0.014942579629421955
AAPL,2025-03-07,0.668326018107997,-0.01186269891090501
MSFT,2025-03-07,0.8978154084105481,0.04790594695788417
NVDA,2025-03-07,-0.9701495196514126,-0.029953587550075298
META,2025-03-07,1.3357843363202329,0.005902675023185356
JPM,2025-03-07,1.403821392066557,0.00016717833922785807
GS,2025-03-07,1.4550455762707113,0.014927510030301995
AAPL,2025-03-21,0.2582288233226952,0.04118378112832917
MSFT,2025-03-21,-0.36177047744417123,-0.02642221621767733
NVDA,2025-03-21,-0.44856420802835434,0.007719835101851633
META,2025-03-21,-1.5657590721805144,0.0034106999888339224
JPM,2025-03-21,-0.5387713176177432,0.024385145977397143
GS,2025-03-21,-2.3942603049004716,-0.038818226816807994
AAPL,2025-04-04,-1.686468151234102,-0.03414748186897163
MSFT,2025-04-04,0.24766590110894313,-0.0024993384273723275
NVDA,2025-04-04,-0.25337756894801494,-0.00600664233608564
META,2025-04-04,0.20338824061994343,-0.023586295123618147
JPM,2025-04-04,0.7068496408990508,0.022221446386829505
GS,2025-04-04,0.385037937656101,0.01699363957003039
AAPL,2025-04-18,0.2964180008086595,0.05324817657474596
MSFT,2025-04-18,-0.0870941710525099,-0.008373833826784497
NVDA,2025-04-18,-0.7535275803573779,-0.03183478740730494
META,2025-04-18,-1.2444717876010754,-0.03217570713158156
JPM,2025-04-18,-0.07068038165207131,0.007791935159226292
GS,2025-04-18,0.051142058552161786,-0.01872924546732553
AAPL,2025-05-02,0.9001845640199633,0.025686793319683394
MSFT,2025-05-02,-0.159648307422017,-0.01760009007599394
NVDA,2025-05-02,0.5484279208297995,0.009086763053791008
META,2025-05-02,-1.4481272594150476,-0.013284524474930504
JPM,2025-05-02,0.26203581207438104,-0.020396083165598797
GS,2025-05-02,0.189843392837443,-0.03485181498874519
AAPL,2025-05-16,1.3361861000121709,0.041888238426583166
MSFT,2025-05-16,-0.25251733430296475,0.007066219771553112
NVDA,2025-05-16,-2.409921965799875,-0.048188067233032324
META,2025-05-16,-0.2937789201521298,-0.02915355689688852
JPM,2025-05-16,0.7143964826306588,0.05564758512974512
GS,2025-05-16,-1.176614719429302,-0.030349502857564235
AAPL,2025-05-30,0.23544836830993032,0.042161490658969965
MSFT,2025-05-30,-1.2223743125399031,-0.003553091442645675
NVDA,2025-05-30,1.8212988508131087,-0.02672358789797681
META,2025-05-30,-1.281069206845832,-0.020838718816287613
JPM,2025-05-30,-0.520588412855411,0.016150324890997828
GS,2025-05-30,0.24165971982083806,-0.0424407737324865
AAPL,2025-06-13,0.5154104029008109,-0.010315188960684778
MSFT,2025-06-13,1.274447216941239,-0.005494110675393082
NVDA,2025-06-13,-0.6366152831022357,0.0084353680052954
META,2025-06-13,0.7629264823369366,0.01730589595710058
JPM,2025-06-13,-1.6855973173848082,-3.391754087218868e-05
GS,2025-06-13,-1.034308051674399,-0.002392561623688604
AAPL,2025-06-27,-1.4237344353990602,-0.00023182179461588882
MSFT,2025-06-27,-0.8065989043073726,-0.038518657490972025
NVDA,2025-06-27,0.7138201364823995,0.011751674133777978
META,2025-06-27,-0.6139768013928971,0.03136765681438343
JPM,2025-06-27,-0.44065242156974244,-0.0027225275232845726
GS,2025-06-27,0.2689134476786009,-0.013340340771786533
AAPL,2025-07-11,0.47113629339992935,-0.009567218331918677
MSFT,2025-07-11,-0.4116383222162092,0.030772959417353855
NVDA,2025-07-11,-1.040586052512433,-0.06864419669333673
META,2025-07-11,1.6109369950118944,0.07662069477527023
JPM,2025-07-11,-0.40526926544933184,-0.05166310513909929
GS,2025-07-11,-0.31048397619594376,-0.00963944555558428
AAPL,2025-07-25,-0.18992384102225704,-0.029354091776224264
MSFT,2025-07-25,0.5795611424764774,0.017749173521963972
NVDA,2025-07-25,-1.4944056198193065,0.005524673333817743
META,2025-07-25,2.052684981945891,0.020720488166493623
JPM,2025-07-25,-0.33732516206850605,-0.006248681656736081
GS,2025-07-25,0.6152567669685612,-0.038344736001931966
AAPL,2025-08-08,0.16439070297730224,-0.008446473112751835
MSFT,2025-08-08,1.8478250129560454,0.010428281758524418
NVDA,2025-08-08,1.6678876111195198,-0.014250416555594024
META,2025-08-08,0.5872591668027922,0.012683079929203058
JPM,2025-08-08,-0.8690472478647824,-0.002517475116994748
GS,2025-08-08,1.2125188368316004,0.0016053580874877856
AAPL,2025-08-22,-1.6919626491697632,-0.013974771855294254
MSFT,2025-08-22,-0.9024230947925126,-0.01577790822493716
NVDA,2025-08-22,-0.08158776968512098,-0.043294007557868906
META,2025-08-22,-1.615658339320678,-0.0008735958264272925
JPM,2025-08-22,-0.5227186961696804,-0.06830035811487163
GS,2025-08-22,0.7848440366081351,0.013087996174721077
AAPL,2025-09-05,-0.713874824036484,-0.03863175386874791
MSFT,2025-09-05,0.8358078963143372,0.015420228734525438
NVDA,2025-09-05,2.3826022826840734,0.02956553322959602
META,2025-09-05,0.3877031412620148,-0.00107157312261801
JPM,2025-09-05,0.816775867200791,0.022161336968810175
GS,2025-09-05,1.251725008565195,-0.003019272897410559
