date,asset_count,long_count,short_count,long_return,short_return,strategy_return,equity_curve
2025-01-10,6,1,1,0.0030813327435043397,0.00891866725649566,-0.005837334512991321,0.9941626654870087
2025-01-24,6,1,1,0.0026880714617921794,0.009311928538207821,-0.0066238570764156415,0.9875774740801143
2025-02-07,6,1,1,0.014117215490610903,-0.002117215490610903,0.016234430981221806,1.0036102324216774
2025-02-21,6,1,1,0.020485369962670585,-0.008485369962670587,0.028970739925341174,1.032685563451577
2025-03-07,6,1,1,0.0028704355616562946,0.009129564438343705,-0.006259128876687411,1.026221851420839
2025-03-21,6,1,1,0.003177036449862179,0.00882296355013782,-0.005645927100275642,1.020427877659007
2025-04-04,6,1,1,0.009826695014828192,0.0021733049851718074,0.007653390029656385,1.028237610203866
2025-04-18,6,1,1,0.004788146499883888,0.007211853500116112,-0.0024237070002322255,1.0257454635101129
2025-05-02,6,1,1,0.01556848287825901,-0.00356848287825901,0.01913696575651802,1.0453751193202094
2025-05-16,6,1,1,-0.013265995615571418,0.02526599561557142,-0.038531991231142836,1.0050947343893082
2025-05-30,6,1,1,-0.000440345422252051,0.012440345422252051,-0.012880690844504102,0.9921484198462006
2025-06-13,6,1,1,-4.174700565301188e-05,0.012041747005653011,-0.012083494011306024,0.9801598003566623
2025-06-27,6,1,1,-0.013883204111475303,0.0258832041114753,-0.039766408222950606,0.9411823656119535
2025-07-11,6,1,1,-0.0016727459993192357,0.013672745999319235,-0.015345491998638472,0.9267394591511956
2025-07-25,6,1,1,-0.001236405042613335,0.013236405042613336,-0.01447281008522667,0.9133269349604146
2025-08-08,6,1,1,0.005190058109330527,0.006809941890669473,-0.0016198837813389457,0.9118474514714122
2025-08-22,6,1,1,0.017016693024942374,-0.005016693024942372,0.022033386049884744,0.9319385383882853
2025-09-05,6,1,1,0.004794454139283678,0.007205545860716322,-0.0024110917214326425,0.9296915490934933
